datacenter_name,permit_issuance_date,registration_number,location,total_capacity_kw,diesel_capacity_kw,natural_gas_capacity_kw,other_capacity_kw,diesel_percentage,natural_gas_percentage,other_percentage,source_file
"1501 Moran Road Development Owner, LLC",2025-04-15,74315,"22425 Sous Vide Lane, Sterling, VA 20166 (Loudoun County)",144000.0,144000.0,0.0,0,100.0,0.0,0.0,74315_2025-04-15.json
21571 Beaumeade Circle LLC,2024-09-20,73240,"21571 Beaumeade Circle, Ashburn, Virginia 20147 (Loudoun County)",48000.0,48000.0,0.0,0,100.0,0.0,0.0,73240_2024-09-20.json
"AOL, Inc.",2015-02-13,72346,"22000 AOL Way, Dulles, VA 20166 (Loudoun County)",5600.0,2680.0,2920.0,0,47.86,52.14,0.0,72346_2015-02-13.json
"AOL, LLC (Computer Network Operations Facility)",2009-08-28,72368,"7777 Infantry Ridge Road, Manassas, Virginia",49956.0,0.0,1958.0,47998,0.0,3.92,96.08,72368_2009-08-28.json
"Abteen Ventures LLC (MCC1), Bourzou Ventures LLC (MCC2), Manuchehr Ventures LLC (MCC6)",2021-07-26,74107,"Prince William County, MCC1-10880 Airman Avenue, MCC2 – 10100 Harry J. Parrish Boulevard, MCC6–10901 Airman Avenue, Manassas, VA 20110",596000.0,596000.0,0.0,0,100.0,0.0,0.0,74107_2021-07-26.json
Aerospace Data Facility – East (ADF-E),2023-02-21,74154,"Fairfax County, 7900 Telegraph Road, Fort Belvoir, VA 22060-5928",81110.0,81110.0,0.0,0,100.0,0.0,0.0,74154_2023-02-21.json
"Aligned Data Centers (Relo) Propco, LLC",2023-01-06,74247,"Loudoun County, 22715 Relocation Drive, Sterling, VA 20166",292000.0,292000.0,0.0,0,100.0,0.0,0.0,74247_2023-01-06.json
"Aligned Energy, LLC",2022-07-18,74169,"21890 UUNET Drive, Ashburn, Virginia 20147 (Building 1) and 21821 UUNET Drive, Ashburn, Virginia 20147 (Building 2) (Loudoun County)",552000.0,552000.0,0.0,0,100.0,0.0,0.0,74169_2022-07-18.json
Amazon Data Services IAD-130 and IAD-131,2023-01-27,74171,"IAD-130 and IAD-131, 9040 and 9020 Freedom Center Blvd., Manassas, Virginia 20110 (Prince William County)",243000.0,243000.0,0.0,0,100.0,0.0,0.0,74171_2023-01-27.json
"Amazon Data Services, Inc",2025-05-19,73355,"Loudoun County, IAD-6, IAD-13, and IAD-54 Data Centers (Multiple addresses on Devin Shafron Drive, Ashburn, VA)",202950.0,202950.0,0.0,0,100.0,0.0,0.0,73355_2025-05-19.json
"Amazon Data Services, Inc.",2024-06-21,74227,"Loudoun County, IAD-163, 21099 Atlantic Boulevard, IAD-164, 21205 Atlantic Boulevard, IAD-174, 21215 Atlantic Boulevard, Sterling, Virginia 20166",401600.0,401600.0,0.0,0,100.0,0.0,0.0,74227_2024-06-21.json
"Amazon Data Services, Inc.",2025-03-12,74301,"Loudoun County, IAD-667, IAD-668, IAD-669, IAD-670, and IAD-671, 20575 and 20335 Celtic Park Drive and 42367, 42590, and 42630 Patriot Park Drive, Leesburg, Virginia (Loudoun County)",928000.0,928000.0,0.0,0,100.0,0.0,0.0,74301_2025-03-12.json
"Amazon Data Services, Inc.",2025-03-27,74309,"IAD-350 and IAD-351 Data Centers, 123 Old Potomac Church Road, Stafford, VA 22554 (Stafford County)",267000.0,267000.0,0.0,0,100.0,0.0,0.0,74309_2025-03-27.json
"Amazon Data Services, Inc.",2024-07-16,74198,"7471 Bear Wallow Road, Warrenton, VA 20186 (Fauquier County)",89000.0,89000.0,0.0,0,100.0,0.0,0.0,74198_2025-07-16.json
"Amazon Data Services, Inc.",2025-06-24,74250,"Loudoun County, VA. Facilities IAD-156 (43920 Lone Cedar Lane), IAD-157 & IAD-158 (25190 & 25410 Meadowdale Drive), IAD-159 and IAD-327 (TBD), Chantilly, VA 20152.",726800.0,726800.0,0.0,0,100.0,0.0,0.0,74250_2025-06-24.json
"Amazon Data Services, Inc.",2025-08-08,74170,"IAD-116, IAD-117, and IAD-128 Data Centers, 45771, 45761, and 45781 Maries Road, Sterling, VA 20166 (Loudoun County)",350500.0,350500.0,0.0,0,100.0,0.0,0.0,74170_2025-08-08.json
"Amazon Data Services, Inc.",2024-07-08,74081,"Prince William County; IAD-73, IAD-74, IAD-602, IAD-193, & IAD-194, 7060, 7070, 7080 Wellington Rd and 8300 and 8400 Buckeye Timber Drive, Manassas, VA 20109",430000.0,430000.0,0.0,0,100.0,0.0,0.0,74081_2024-07-08.json
"Amazon Data Services, Inc.",2020-07-16,74190,"DCA-50, 22129 Confederate Road, Elkwood, VA 22718",93000.0,93000.0,0.0,0,100.0,0.0,0.0,74190_2020-07-16.json
"Amazon Data Services, Inc.",2024-07-16,74207,"7900 Telegraph Road, Fort Belvoir, Virginia 22060 (Fairfax County)",76000.0,76000.0,0.0,0,100.0,0.0,0.0,74207_2024-07-16.json
"Amazon Data Services, Inc.",2024-08-27,73853,"Loudoun County, VA (Multiple addresses including 45630 W. Severn Way, 1304 Squire Court, 21710 Charles View Drive, Sterling, VA 20166)",579500.0,579500.0,0.0,0,100.0,0.0,0.0,73853_2024-08-27.json
"Amazon Data Services, Inc.",2024-10-21,74115,"8180, 8190, 8200, and 8210 Bethlehem Road (IAD-95, IAD-96, IAD-75, and IAD-85) in Manassas, Virginia (Prince William County)",444000.0,444000.0,0.0,0,100.0,0.0,0.0,74115_2024-10-21.json
"Amazon Data Services, Inc.",2025-08-21,74277,"Prince William County, IAD-195, IAD-196, IAD-197, & IAD-198, 14495, 14475, 14455, and 14435 John Marshall Highway, Gainesville, Virginia 20155.",532800.0,532800.0,0.0,0,100.0,0.0,0.0,74277_2025-08-21.json
"Amazon Data Services, Inc.",2024-08-27,74244,"Loudoun County, IAD-169 and IAD-179, 21320 and 21310 Beaumeade Circle, Ashburn, VA 20147",190400.0,190400.0,0.0,0,100.0,0.0,0.0,74244_2024-08-27.json
"Amazon Data Services, Inc.",2024-07-09,74214,"Loudoun County. IAD-161, IAD-162, IAD-606, IAD-285, IAD-286, IAD-299, and IAD-611 Data Centers, 44254, 44305 & 44351 Import Plaza, Ashburn, VA 20147; 22275, 22285 & 22295 Lockridge Rd, Sterling, VA 20166 (Loudoun County)",810800.0,810800.0,0.0,0,100.0,0.0,0.0,74214_2024-07-09.json
"Amazon Data Services, Inc.",2024-03-08,74240,"IAD-104, IAD-105, IAD-106, and IAD-107 9680, 9700, 9720, and 9740 Innovation Drive Manassas, VA 20110 (Prince William County)",546100.0,546100.0,0.0,0,100.0,0.0,0.0,74240_2024-03-08.json
"Amazon Data Services, Inc.",2025-05-21,73741,"Prince William County; IAD-7 at 7505 Mason King Court; IAD-11 at 7510 Mason King Court; and IAD-24 at 7610 Mason King Court Manassas, VA 20109",193600.0,193600.0,0.0,0,100.0,0.0,0.0,73741_2025-05-21.json
"Amazon Data Services, Inc.",2025-08-28,74317,"City of Manassas, IAD-205, IAD-307, IAD-317, IAD-612, and IAD-612x data center campus, located at 9720, 9708, and 9709 Dean Drive, 9496 and 9501 Technology Drive, Manassas, Virginia 20110",414600.0,414600.0,0.0,0,100.0,0.0,0.0,74317_2025-08-28.json
"Amazon Data Services, Inc.",2024-05-28,74063,"IAD-51 at 45220 Prologis Plaza, IAD-56 at 45210 Prologis Plaza, IAD-88 at 45110 Loudoun Downs Lane, IAD-89 at 45111 Loudoun Downs Lane, IAD-192 at 22574 Pacific Boulevard, IAD-214 at 22750 Pacific Boulevard, Sterling, Virginia 20166, Loudoun County",574400.0,574400.0,0.0,0,100.0,0.0,0.0,74063_2024-05-28.json
"Amazon Data Services, Inc.",2025-01-21,74080,"Loudoun County, Virginia (Multiple Data Centers: IAD-61, IAD-63, IAD-65, IAD-86, IAD-155, IAD-600, IAD-018)",476200.0,476200.0,0.0,0,100.0,0.0,0.0,74080_2025-01-21.json
"Amazon Data Services, Inc.",2023-10-25,74270,"20420 Germanna Hwy, Stevensburg, VA 22741 (Culpeper County)",173200.0,173200.0,0.0,0,100.0,0.0,0.0,74270_2023-10-25.json
"Amazon Data Services, Inc.",2022-08-05,74167,"Prince William County, VA. Facilities located at IAD-108/109 (9740 and 9750 Hornbaker Rd.), IAD-132/133 (11200 and 12250 Thomasson Barn Rd.), and IAD-607 (9730 Hornbaker Rd.), Manassas, VA 20109.",413600.0,413600.0,0.0,0,100.0,0.0,0.0,74167_2022-08-05.json
"Amazon Data Services, Inc.",2023-06-08,74252,"IAD-215, 44725 Gigabit Plaza, Ashburn, VA 20147 (Loudoun County)",119200.0,119200.0,0.0,0,100.0,0.0,0.0,74252_2023-06-08.json
"Amazon Data Services, Inc.",2023-10-25,74272,"7961 Loisdale Rd, Springfield, VA 22150 (Fairfax County)",148200.0,148200.0,0.0,0,100.0,0.0,0.0,74272_2023-10-25.json
"Amazon Data Services, Inc.",2023-12-27,74274,"Loudoun County, 24214, 24224, 24234, and 24244 Quail Ridge Lane, Aldie, VA 20105",474000.0,474000.0,0.0,0,100.0,0.0,0.0,74274_2023-12-27.json
"Amazon Data Services, Inc.",2023-10-31,74278,"Prince William County, IAD-210 & IAD-211, 11580 and 11600 Hayden Road, Manassas, Virginia 20109",210400.0,210400.0,0.0,0,100.0,0.0,0.0,74278_2023-10-31.json
"Amazon Data Services, Inc.",2023-12-19,74273,"Fairfax County, IAD-165, IAD-166, IAD-167, IAD-168, and IAD-613 Data Centers, 13640, 13620, 13630, 13610, and 13650 EDS Drive, Herndon, VA 20171",517200.0,517200.0,0.0,0,100.0,0.0,0.0,74273_2023-12-19.json
"Amazon Data Services, Inc.",2022-08-01,74184,"Loudoun County. IAD-140 and IAD-141 at 22890 and 22900 Platform Plaza; IAD-142 and IAD-143 at 45775 and 45795 Optics Plaza; and IAD-603 and IAD-608 at 22940 and 22855 Platform Plaza, Sterling, VA 20166.",535100.0,535100.0,0.0,0,100.0,0.0,0.0,74184_2022-08-01.json
"Amazon Data Services, Inc.",2022-09-09,74239,"3980, 3980A, 3960, and 3940 Virginia Mallory Drive, Chantilly, VA 20151 (Fairfax County)",324600.0,324600.0,0.0,0,100.0,0.0,0.0,74239_2022-09-09.json
"Amazon Data Services, Inc.",2024-05-08,74049,"Loudoun County, IAD-50, IAD-60, IAD-71, IAD-78, IAD-79, and IAD-80, located at 21271, 21267, and 21263 Smith Switch Road and 44862, 44858, and 44854 Interconnection Plaza, Ashburn, Virginia 20147",522000.0,522000.0,0.0,0,100.0,0.0,0.0,74049_2014-05-08.json
"Amazon Data Services, Inc. (IAD-1 and IAD-9)",2024-10-11,73294,"Fairfax County, Virginia (4101 Westfax Drive and 4100 Westfax Drive, Chantilly, VA 20151)",83900.0,83900.0,0.0,0,100.0,0.0,0.0,73294_2024-10-11.json
"Amazon Data Services, Inc. (IAD-114 and IAD-115 Data Centers)",2024-08-27,74150,"IAD-114 and IAD-115 Data Centers, 20945 & 20935 Loudoun County Parkway, Ashburn, VA 20147 (Loudoun County)",196000.0,196000.0,0.0,0,100.0,0.0,0.0,74150_2024-08-27.json
"Amazon Data Services, Inc. (IAD-120, IAD-121, IAD-122, and IAD-619 Data Centers)",2024-11-15,74205,"Loudoun County, 23825, 23835, and 23845 Erins Run Drive, Sterling, VA 20166",273600.0,273600.0,0.0,0,100.0,0.0,0.0,74205_2024-11-15.json
"Amazon Data Services, Inc. (IAD-146 and IAD-147 Data Centers)",2020-03-19,74181,"Loudoun County, 22370 & 22420 Kipper Drive, Sterling, VA 20166",228000.0,228000.0,0.0,0,100.0,0.0,0.0,74181_2020-03-19.json
"Amazon Data Services, Inc. (IAD-180)",2025-09-10,74323,"Loudoun County, 43975 Light Speed Plaza, Sterling, Virginia 20166",139200.0,139200.0,0.0,0,100.0,0.0,0.0,74323_2025-09-10.json
"Amazon Data Services, Inc. (IAD-55, IAD-64, IAD-84, IAD-94)",2023-04-25,74052,"Prince William County, IAD-55 15395 John Marshall Hwy., IAD-64 15465 John Marshall Hwy., IAD-84 15455 John Marshall Hwy., IAD-94 15454 John Marshall Hwy., Haymarket, Virginia 20169",423700.0,423700.0,0.0,0,100.0,0.0,0.0,74052_2023-04-25.json
"Amazon Data Services, Inc. (IAD-62, IAD-68, IAD-81, IAD-83, IAD-93, IAD-609, IAD-614 Data Centers)",2022-11-21,74085,"Loudoun County, 42949, 42948, 42800, 42948 Fadeley Lane, 24178, 24185 Upper Woodside Lane, Sterling, VA 20166",489900.0,489900.0,0.0,0,100.0,0.0,0.0,74085_2022-11-21.json
"Amazon Data Services, Inc. (IAD-90, IAD-91 and IAD-92)",2024-11-06,74121,"IAD-90, IAD-91 and IAD-92 Data Centers, 45900, 45930, 45950 Pathfinder Way, Sterling, VA 20164 (Loudoun County)",286000.0,286000.0,0.0,0,100.0,0.0,0.0,74121_2024-11-06.json
"Amazon Data Services, Inc. IAD-100, IAD-101, IAD-102 and IAD-103 Data Centers",2021-06-28,74129,"10321, 10301, 10281, and 10261 Tanner Way, Manassas, Virginia 20110 (Prince William County)",472600.0,472600.0,0.0,0,100.0,0.0,0.0,74129_2021-06-28.json
"Amazon Data Services, Inc. IAD-12/15/16/76/230",2025-01-30,73860,"Loudoun County, Sterling, VA (IAD-12, IAD-15, IAD-16, IAD-76, IAD-230)",481500.0,481500.0,0.0,0,100.0,0.0,0.0,73860_2025-01-30.json
"Amazon Data Services, Inc. IAD-144, IAD-145, and IAD-175",2024-06-21,74153,"22945, 22868, and 23005 International Drive, Sterling, VA 20166 (Loudoun County)",292000.0,292000.0,0.0,0,100.0,0.0,0.0,74153_2024-06-21.json
"Amazon Data Services, Inc. IAD-500 and IAD-501 data center campus",2025-03-12,74300,"Fairfax County, 13860 and 13876 Redskin Drive, Herndon, Virginia",397000.0,397000.0,0.0,0,100.0,0.0,0.0,74300_2025-03-12.json
"Amazon Data Services, Inc. IAD450 Cosner Tech Campus",2024-10-30,74288,"Spotsylvania County, IAD450 Cosner Tech, 3901 Massaponax Church Road, Fredericksburg, VA 22408",1051800.0,1051800.0,0.0,0,100.0,0.0,0.0,74288_2024-10-30.json
"Amazon Data Services, Inc. IAD550 data center",2025-05-22,74299,"IAD-550, 230 Haley Dr., Mineral, VA 23117 (Louisa County)",940800.0,940800.0,0.0,0,100.0,0.0,0.0,74299_2025-05-22.json
"Ashburn Data Property Owner, L.P.",2023-11-13,74276,"21800 Beaumeade Circle, Ashburn, VA 20147 (Loudoun County)",156000.0,156000.0,0.0,0,100.0,0.0,0.0,74276_2023-11-13.json
"BP New Dominion Technology Park II, LLC",2007-09-26,73369,"New Dominion Technology Park II, 499 Grove Street, Herndon, VA 20170",4000.0,4000.0,0.0,0,100.0,0.0,0.0,73369_2007-09-26.json
CLOP Ashland VA LLC,2025-02-14,53197,"Hanover County, 12174 Washington Highway, Ashland, VA",37000.0,0.0,0.0,37000,0.0,0.0,100.0,53197_2025-02-14.json
"COPT DC-6, LLC",2021-08-24,73683,"9651 Hornbaker Road, Manassas, VA 20109 (Prince William County)",92000.0,92000.0,0.0,0,100.0,0.0,0.0,73683_2021-08-24.json
"Capital One Services, Inc. Knolls Building 1 and Knolls 2 Data Center",2025-07-10,52281,"Henrico County, 4871 and 4881 Cox Road, Glen Allen, VA 23060",22490.0,22490.0,0.0,0,100.0,0.0,0.0,52281_2025-07-10.json
Cardinal Energy Corporation,2019-07-11,80941,"Frederick County, 8209 Valley Pike, Middletown, Virginia",34192.0,33606.0,586.0,0,98.29,1.71,0.0,80941_2019-07-11.json
Cashvad Ventures LLC,2021-10-15,74118,"MDC1 and MDC2 Data Centers, 10400 Harry J. Parrish Boulevard, Manassas, VA 20110 (Prince William County)",336000.0,336000.0,0.0,0,100.0,0.0,0.0,74118_2021-10-15.json
Chirisa Richmond LLC,2025-07-07,52432,"1401 Meadowville Technology Pkwy, Chester, Chesterfield County, Virginia 23836",264000.0,264000.0,0.0,0,100.0,0.0,0.0,52432_2025-07-07.json
Cologix,2025-07-23,74235,"Loudoun County, 21745 Beaumeade Cir, Ashburn, VA 20147",337500.0,337500.0,0.0,0,100.0,0.0,0.0,74235_2025-07-23.json
"Comcast Cable Communications, LLC - Manassas facility",2014-03-27,72374,"11101 University Boulevard, Manassas, Virginia 20110, Prince William County",12126.0,6000.0,6126.0,0,49.48,50.52,0.0,72374_2014-03-27.json
"Compass Datacenters, LLC",2023-01-20,74160,"42255, 42254, 42311 and 42310 Thunderball Drive, Leesburg, Virginia (Loudoun County)",320000.0,320000.0,0.0,0,100.0,0.0,0.0,74160_2023-01-20.json
Computer Sciences Corporation (CSC),2008-07-01,73633,"15000 Conference Center Drive, Chantilly, Virginia 20151",7400.0,7400.0,0.0,0,100.0,0.0,0.0,73633_2008-07-01.json
"CoreSite Real Estate 12100 Sunrise Valley Dr, LLC",2013-01-31,72296,"12100 Sunrise Valley Drive, Reston, Fairfax County, VA 20191",89600.0,89600.0,0.0,0,100.0,0.0,0.0,72296_2013-01-31.json
"CoreSite Real Estate Sunrise Technology Park, LLC",2022-03-03,74130,"Fairfax County, CoreSite Reston Campus, 12369 Sunrise Valley Drive, Reston, VA 20191",187960.0,187960.0,0.0,0,100.0,0.0,0.0,74130_2022-03-03.json
"Corporate Office Properties, LP",2007-03-23,52173,"11751 Meadowville Lane, Chester, Virginia 23836, Chesterfield County",15000.0,15000.0,0.0,0,100.0,0.0,0.0,52173_2007-03-23.json
CyrusOne Kincora,2022-09-06,74114,"Loudoun County, 21350 Pacific Boulevard, Sterling, Virginia 20166",458000.0,458000.0,0.0,0,100.0,0.0,0.0,74114_2022-09-06.json
CyrusOne Loudoun Tech Center,2016-11-01,74086,"Loudoun County, CyrusOne Loudoun Tech Center, 21111 Ridgetop Circle, Sterling, VA 20166",172500.0,172500.0,0.0,0,100.0,0.0,0.0,74086_2016-11-01.json
CyrusOne Northern Virginia Data Center - Shaw Road,2016-10-13,74109,"Loudoun County, 511 Shaw Road, Sterling, VA 20166",52000.0,52000.0,0.0,0,100.0,0.0,0.0,74109_2016-10-13.json
CyrusOne Sterling IX Facility,2024-11-19,74173,"CyrusOne Sterling IX Facility, 43290 Old Ox Road, Sterling, Virginia 20166 (Loudoun County)",295500.0,295500.0,0.0,0,100.0,0.0,0.0,74173_2024-11-19.json
CyrusOne Sterling VIII Facility,2022-10-03,74164,"45905 Maries Road, Sterling, Virginia 20166 (Loudoun County)",98250.0,98250.0,0.0,0,100.0,0.0,0.0,74164_2022-10-03.json
"CyrusOne, LLC",2024-11-01,74290,"Loudoun County, 21529 Beaumeade Circle, Ashburn, VA 20147",124500.0,124500.0,0.0,0,100.0,0.0,0.0,74290_2024-11-01.json
"Cyxtera Communications, LLC",2019-10-30,73160,"21110 Ridgetop Circle, 45901 and 45845 Nokes Boulevard, Sterling, Virginia (Loudoun County)",88000.0,88000.0,0.0,0,100.0,0.0,0.0,73160_2019-10-30.json
DBT-DATA Cyber Integrated Center,2013-10-25,81609,"City of Harrisonburg, 1175 North Main Street, Harrisonburg, Virginia",60000.0,60000.0,0.0,0,100.0,0.0,0.0,81609_2013-10-25.json
"DP Facilities Inc. South, LLC",2016-08-23,11790,"Wise County, VA, 5978 Windswept Blvd, Wise, Virginia",31200.0,31200.0,0.0,0,100.0,0.0,0.0,11790_2016-08-23.json
Darab Ventures One LLC,2023-05-19,74234,"22210 Loudoun County Parkway, Ashburn, VA 20147 (Loudoun County)",628096.0,628096.0,0.0,0,100.0,0.0,0.0,74234_2023-05-19.json
DataBank Holdings Ltd,2025-08-04,73743,"Loudoun County, IAD-1, IAD-3, and IAD-4, 21635, 21630, and 21625 Red Rum Drive, Ashburn, VA 20147",289500.0,289500.0,0.0,0,100.0,0.0,0.0,73743_2025-08-04.json
"Digital Gold Sterling, LLC",2024-09-20,74264,"22588 Relocation Drive, Sterling, Virginia 20166 (Loudoun County)",133500.0,133500.0,0.0,0,100.0,0.0,0.0,74264_2024-09-20.json
"Digital Lafayette Chantilly, LLC",2014-04-04,72375,"Fairfax County, Chantilly, Virginia, 4030, 4040, and 4050 Lafayette Center Drive, Buildings A, B, and C",43362.0,41100.0,2262.0,0,94.78,5.22,0.0,7237508_2014-04-04.json
"Digital Loudoun 3 and 4, LLC",2022-10-12,74126,"Loudoun County, VA. IAD 39, IAD 40, IAD 41 & IAD 73: 44274, 44372, 44751, and 44540 Round Table Plaza, Ashburn, VA 20147; IAD 42 & IAD 43: 22125 Broderick Drive and 44820 Prentice Drive, Sterling, VA 20166.",1287700.0,1287700.0,0.0,0,100.0,0.0,0.0,74126_2022-10-12.json
Digital Loudoun Parkway Center N LLC,2025-03-14,73670,"43940 Digital Loudoun Plaza, Ashburn, Virginia 20147, Loudoun County",573350.0,573350.0,0.0,0,100.0,0.0,0.0,7367014_2025-03-14.json
Digital Loudoun Pkwy Center N LLC,2017-10-04,73670,"43791 Devin Shafron Drive and 43940 Digital Loudoun Plaza, Ashburn, Virginia (Loudoun County)",566350.0,566350.0,0.0,0,100.0,0.0,0.0,7367012_2017-10-04.json
"Digital Realty – Digital Third Second Manassas, LLC & Digital Carver Brickyard, LLC",2025-08-29,74262,"Prince William County and City of Manassas, 9905 Godwin Dr and 10050 and 10051 Brickyard Way Manassas, Virginia 20110",1578500.0,1578500.0,0.0,0,100.0,0.0,0.0,74262_2025-08-29.json
"Digital Realty/Digital Western Lands, LLC",2024-10-31,74212,"Buildings 7 and 9 at 43704 and 43714 Efficiency Dr. Sterling, Virginia 20166 (Loudoun County)",746500.0,746500.0,0.0,0,100.0,0.0,0.0,74212_2024-10-31.json
"Digital Reston, LLC",2007-11-07,73567,"1807 Michael Faraday Court, Reston, VA 20190",16000.0,16000.0,0.0,0,100.0,0.0,0.0,73567_2007-11-07.json
"DuPont Fabros Technology, Inc. - Ashburn Corporate Campus (ACC) data centers",2013-08-27,73370,"Ashburn Corporate Campus (ACC) data centers in Ashburn, Virginia, including: 44490 Chillum Place (ACC 2 - Rhino), 44520 Hastings Drive (ACC 3 - Quill), 44480 Hastings Drive (ACC 4 - Grizzly), 44521 Hastings Drive (ACC 5 - Fox), 44461 Chillum Place (ACC 6 - Fox), 44393 Hastings Drive (ACC 7 - Alshain Ventures, LLC), Ashburn, Virginia 20147",647030.0,615960.0,13070.0,18000,95.2,2.02,2.78,7337012_2013-08-27.json
"Dupont Fabros Technologies, Inc.",2008-08-07,73180,"8217 Linton Hall Road, Bristow, VA 20136",50196.0,47998.0,2198.0,0,95.62,4.38,0.0,73180_2008-08-07.json
"Elk Ventures, LLC (ACC 9)",2016-12-07,73370,"21745 Sir Timothy Drive, Ashburn, VA 20147 (Loudoun County)",90000.0,90000.0,0.0,0,100.0,0.0,0.0,7337015_2016-12-07.json
Equinix,2009-04-28,73199,"Equinix, Building DC3, 44470 Chilum Place, Ashburn (Loudoun County), Virginia 20147",28000.0,28000.0,0.0,0,100.0,0.0,0.0,73199_2009-04-28.json
Equinix,2018-08-10,41064,"Culpeper County, 18155 Technology Drive, Culpeper, VA 22701",119000.0,119000.0,0.0,0,100.0,0.0,0.0,41064_2018-08-10.json
"Equinix, LLC",2020-02-26,74147,"21830 Uunet Way, Ashburn, Virginia 20147 (Loudoun County)",32000.0,32000.0,0.0,0,100.0,0.0,0.0,74147_2020-02-26.json
"Equinix, LLC",2024-12-18,74189,"Loudoun County; DC-21 at 22175 Beaumeade Circle, DC-22 at 22165 Beaumeade Circle, Ashburn, VA 20147",250200.0,250200.0,0.0,0,100.0,0.0,0.0,74189_2024-12-18.json
"Equinix, LLC Data Center",2024-10-01,73946,"Loudoun County, Ashburn, VA 20147 (DC-10 at 21551 Beaumeade Circle; DC-12, DC-15, DC-16, DC-17, DC-18 at Performance Circle addresses)",576600.0,576600.0,0.0,0,100.0,0.0,0.0,7394606_2024-10-01.json
"Equinix, LLC.",2024-03-19,73233,"21691, 21701, 21711, 21715 and 21721 Filigree Court, Ashburn, Virginia 20147 (Loudoun County)",189300.0,189300.0,0.0,0,100.0,0.0,0.0,73233_2024-03-19.json
"Exodus Communications, Incorporated facility (DC1)",2000-11-22,73170,"Herndon, Fairfax County, Virginia",4000.0,4000.0,0.0,0,100.0,0.0,0.0,73170_2000-11-22.json
Freddie Mac,2013-01-10,74020,"8000, 8100, 8200, 8250 Jones Branch Drive and 1551 Park Run Drive in McLean, Virginia",24804.0,24804.0,0.0,0,100.0,0.0,0.0,74020_2013-01-10.json
Freddie Mac Corporate Data Center,2007-07-26,73105,"Corporate data center located at 544 Herndon Parkway, Herndon, Virginia",16000.0,16000.0,0.0,0,100.0,0.0,0.0,73105_2007-07-26.json
Gainesville (MNZ03) Data Center,2024-08-05,74236,"13050 Hansen Farm Road, Bristow, VA 20136 (Prince William County)",125940.0,125940.0,0.0,0,100.0,0.0,0.0,74236_2024-08-05.json
Gainesville Crossing Data Campus (GCDC),2024-10-07,74241,"Gainesville Crossing Data Campus (GCDC), Gainesville, VA 20109 (Prince William County)",1426600.0,1426600.0,0.0,0,100.0,0.0,0.0,74241_2024-10-07.json
"Gannett Co., Inc",2009-01-09,73230,"7950 Jones Branch Drive, McLean, VA 22107",8000.0,0.0,0.0,8000,0.0,0.0,100.0,73230_2009-01-09.json
"Gazelle Ventures, LLC (ACC10)",2017-08-23,73370,"21744 Sir Timothy Drive, Ashburn, VA 20147 (Loudoun County)",81000.0,81000.0,0.0,0,100.0,0.0,0.0,7337016_2017-08-23.json
Hayden Technologies LLC,2025-04-30,74163,"20491 Goose Landing Lane, Leesburg, VA 20175 (Loudoun County)",781372.0,781372.0,0.0,0,100.0,0.0,0.0,74163_2025-04-30.json
"I & G Mission Ridge, LLC",2014-08-08,74051,"15030 Conference Center Drive, Chantilly, VA 20151 (Fairfax County)",6000.0,6000.0,0.0,0,100.0,0.0,0.0,74051_2014-08-08.json
IAD -6 Data Center,2011-04-14,73868,"Loudoun County, 43831 Devin Shafron Drive, Ashburn, Virginia 20147",1500.0,1500.0,0.0,0,100.0,0.0,0.0,73868_2011-04-14.json
Inova Nokes Data Center,2014-07-16,73363,"45745 Nokes Boulevard, Dulles, Virginia 20166 (Loudoun County)",6000.0,6000.0,0.0,0,100.0,0.0,0.0,73363_2014-07-16.json
"Intergate-Ashburn, LLC",2024-12-03,73935,"21741 Red Rum Drive, Ashburn, VA 20147 (Loudoun County)",324440.0,324440.0,0.0,0,100.0,0.0,0.0,73935_2024-12-03.json
"Iron Mountain Information Management, LLC",2024-10-16,74112,"Prince William County, VA. Multiple addresses including 11680, 11660, 11640 Hayden Road, 7745 Wellington Road, 8330 Bethlehem Road, and 11451 Hayden Rd, Manassas, VA 20109.",927788.0,927788.0,0.0,0,100.0,0.0,0.0,74112_2024-10-16.json
"Iskandar Ventures LLC (LC1A), Jamshid Ventures LLC (LC1B), Kaveh Ventures LLC (LC2), and Lohrasp Ventures LLC (LC3)",2025-02-12,74155,"Loudoun County, Ashburn, VA 20147 (LC1A - 21955 Loudoun County Parkway, LC1B - 21955 Loudoun County Parkway, LC2 - 44621 Waxpool Road, LC3 - 44631 Waxpool Road)",1140096.0,1140096.0,0.0,0,100.0,0.0,0.0,74155_2025-02-12.json
"Lemur Properties, LLC Data Server Facility",2010-03-05,73162,"1780 Business Center Drive in Reston, VA",77736.0,74160.0,3576.0,0,95.4,4.6,0.0,73162_2010-03-05.json
Level 3 Communications,2014-11-17,73823,"Fairfax County, 524 Van Buren Street and 520 Van Buren Street, Herndon, VA 20170",14400.0,14400.0,0.0,0,100.0,0.0,0.0,73823_2014-10-17.json
"MECP1 Ashburn 2, LLC",2025-03-24,74306,"Loudoun County, 45831 Maries Road, Sterling, VA 20166",156000.0,156000.0,0.0,0,100.0,0.0,0.0,74306_2025-03-24.json
"Meridian Science 7990, LLC",2016-11-09,71804,"Fairfax County / 7990 Science Applications Court, Vienna, Virginia 22182",17190.0,17190.0,0.0,0,100.0,0.0,0.0,7180404_2016-11-09.json
Microsoft Blue Ridge (IAD11-12-13) Data Center,2025-07-21,74221,"Loudoun County, 41840 Growth Mindset Lane, Aldie, Virginia 20105",352296.0,352296.0,0.0,0,100.0,0.0,0.0,74221_2025-07-21.json
Microsoft Corp – East Coast Data Center,2024-04-24,21527,"101 Herbert Drive, Boydton, VA 23917, Mecklenburg County",816100.0,816100.0,0.0,0,100.0,0.0,0.0,2152707_2024-04-24.json
Microsoft Corporation,2023-02-08,74201,"7471 Bear Wallow Road, Warrenton, Virginia 20186 (Fauquier County)",79000.0,79000.0,0.0,0,100.0,0.0,0.0,74201_2023-02-08.json
Microsoft Corporation - LYH03 Datacenter,2025-05-01,53198,"Mecklenburg County, northwest of the intersection of Highway 92 and Butler Farm Road, Chase City, VA 23927",664000.0,664000.0,0.0,0,100.0,0.0,0.0,53198_2025-05-01.json
Microsoft Corporation AVC01 - Datacenter,2023-09-28,52949,"Mecklenburg County, 210 Turnstall Road, South Hill, VA",0.0,0.0,0.0,0,0.0,0.0,0.0,52949_2023-09-28.json
Microsoft Corporation AVC09 Datacenter,2022-06-07,52973,"AVC09 Datacenter, Roanoke River Regional Business Park, La Crosse, Virginia 23950, Mecklenburg County",363000.0,363000.0,0.0,0,100.0,0.0,0.0,52973_2022-06-07.json
Microsoft Corporation – AVC17 Datacenter,2025-04-22,53086,"Mecklenburg County, 39 Commerce Drive, Boydton, VA 23917 (Clarksville)",785000.0,785000.0,0.0,0,100.0,0.0,0.0,53086_2025-04-22.json
Microsoft Corporation – AVC43 Datacenter,2023-07-12,53071,"Mecklenburg County, 2 Butts Street, South Hill, VA 23970",250000.0,250000.0,0.0,0,100.0,0.0,0.0,53071_2023-07-12.json
Microsoft Corporation – East Coast Data Center,2023-09-19,21527,"Mecklenburg County, 101 Herbert Drive near Boydton, Virginia",816100.0,816100.0,0.0,0,100.0,0.0,0.0,2152715_2023-09-19.json
Microsoft Corporation – LVL Datacenter,2023-09-05,52820,"960 Prison Road, Boydton, VA 23917 (Mecklenburg County)",847000.0,847000.0,0.0,0,100.0,0.0,0.0,52820_2023-09-05.json
Microsoft Corporation – LYH10 Datacenter,2023-07-13,53072,"Mecklenburg County, Intersection of US Highway 58 and Ridge Road, Boydton, VA 23917",121000.0,121000.0,0.0,0,100.0,0.0,0.0,53072_2023-07-13.json
Microsoft Corporation – Timber Datacenter,2023-09-19,52903,"Timber Datacenter, 608 Ridge Road, Boydton, VA 23917 (Mecklenburg County)",825900.0,825900.0,0.0,0,100.0,0.0,0.0,52903_2023-09-19.json
"Microsoft, Leesburg (IAD01-02-03-04-05) Data Center",2025-03-07,74220,"19515 Compass Creek Parkway, Leesburg, VA 20175 (Loudoun County)",627000.0,627000.0,0.0,0,100.0,0.0,0.0,74220_2025-03-07.json
"Microsoft, Manassas (MNZ01) Data Center",2024-01-17,74237,"Manassas (MNZ01) Data Center, 11316 Balls Ford Road, Manassas, Virginia 20109 (Prince William County)",125500.0,125500.0,0.0,0,100.0,0.0,0.0,74237_2024-01-17.json
NOAA Wallops CDA Station,2013-01-31,61610,"Accomack County, 35663 Chincoteague Road, Wallops Island, Virginia 23337",8674.0,8337.0,337.0,0,96.11,3.89,0.0,61610_2013-01-31.json
"NTT Global Data Centers Americas, Inc.",2025-07-11,74120,"Loudoun County, Ashburn, VA (Multiple addresses: 44245, 44760, 44761, 44495, 44395 Gigabit Plaza)",607000.0,607000.0,0.0,0,100.0,0.0,0.0,74120_2025-07-11.json
"NTT Global Data Centers VA10, LLC",2023-11-03,74260,"NTT Global Data Centers VA10, LLC, 14300 John Marshall Highway, Gainesville, VA 20155 (Prince William County)",367000.0,367000.0,0.0,0,100.0,0.0,0.0,74260_2023-11-03.json
"NeuStar, Inc.",2011-09-19,73939,"45980 Center Oak Plaza, Sterling, Virginia",3000.0,3000.0,0.0,0,100.0,0.0,0.0,73939_2011-09-19.json
Northrop Grumman Systems Corporation,2011-03-02,73798,"7575 Coleshire Drive, McLean, Virginia",9100.0,9100.0,0.0,0,100.0,0.0,0.0,73798_2011-03-02.json
Northrop Grumman Systems Corporation,2011-01-26,73813,"12900 Federal Systems Park Drive, Fairfax, Virginia 22033",5400.0,2400.0,0.0,3000,44.44,0.0,55.56,73813_2011-01-26.json
Northrop Grumman Systems Corporation,2011-05-23,73872,"2980 Fairview Park Drive, Falls Church, Virginia 22042",6500.0,6500.0,0.0,0,100.0,0.0,0.0,73872_2011-05-23.json
Nova Mango Farms LLC's computer data center facility,2024-02-27,74216,"Prince William County, 13001 Rollins Ford Road, Bristow, VA 20136",671616.0,671616.0,0.0,0,100.0,0.0,0.0,74216_2024-02-27.json
Park Center,2022-05-18,74074,"Park Center, 14901 Conference Center Drive, Chantilly, VA 20151, Fairfax County",26000.0,26000.0,0.0,0,100.0,0.0,0.0,74074_2022-05-18.json
"Peak 10, Inc.",2013-09-12,52299,"Richmond, 8851-B Park Central Drive, Suite 200, Richmond, VA 23227",8500.0,8500.0,0.0,0,100.0,0.0,0.0,52299_2013-09-12.json
Prince William County Service Authority (PWCSA) Neabsco Lift Station,2013-10-25,73870,"PWCSA Sewer Lift Station, 15801 Neabsco Road, Woodbridge, VA 22192 (Prince William County)",4000.0,4000.0,0.0,0,100.0,0.0,0.0,73870_2013-10-25.json
"QTS Dulles, LLC",2024-07-30,73757,"44874 Moran Road, Dulles, VA 20166, Loudoun County",23000.0,23000.0,0.0,0,100.0,0.0,0.0,73757_2024-07-30.json
"QTS Investment Properties Ashburn II, LLC (ASH2 Lockridge)",2024-08-05,74232,"ASH2 Lockridge, 44675 and 44655 Quality Tech Lane, Sterling, VA 20166 (Loudoun County)",285176.0,285176.0,0.0,0,100.0,0.0,0.0,74232_2024-08-05.json
"QTS Investment Properties Ashburn, LLC",2025-06-10,74141,"Loudoun County. DC1: 22271 Broderick Drive, DC2: 22280 Randolph Drive, Sterling, VA 20164",202600.0,202600.0,0.0,0,100.0,0.0,0.0,74141_2025-06-10.json
"QTS Investment Properties Manassas, LLC",2024-10-01,74161,"Prince William County, 9400, 9420, 9480, and 9540 Godwin Drive; 10680 University Blvd; and 9301 Freedom Center Blvd Manassas, VA 20110",781000.0,781000.0,0.0,0,100.0,0.0,0.0,74161_2024-10-01.json
"QTS Shellhorn, LLC (Ashburn-Shellhorn DC1 and DC2)",2022-02-04,74197,"Ashburn-Shellhorn DC1 and DC2, 22291 and 22271 Shellhorn Road, Ashburn, VA 20147 (Loudoun County)",325000.0,325000.0,0.0,0,100.0,0.0,0.0,74197_2022-04-04.json
"Quality Investment Properties Richmond, LLC",2024-06-24,51232,"Henrico County, 6000 Technology Boulevard, Sandston, Virginia",2662300.0,2662300.0,0.0,0,100.0,0.0,0.0,51232_2024-06-24.json
"Qwest Communications Company, LLC",2010-08-12,73293,"22995 Wilder Court, Sterling, VA in Loudoun County",12000.0,12000.0,0.0,0,100.0,0.0,0.0,73293_2010-08-12.json
Qwest Communications Corporation,2003-09-16,73158,"22810 International Drive, Sterling, Loudoun County, Virginia 20166",42000.0,42000.0,0.0,0,100.0,0.0,0.0,73158_2003-09-16.json
"RagingWire Enterprise Solutions, Inc.",2011-11-11,73954,"44664 Guilford Dr. Ashburn, VA 20147",76000.0,76000.0,0.0,0,100.0,0.0,0.0,73954_2011-11-11.json
RagingWire VA2 Data Center,2016-01-13,74094,"Loudoun County, RagingWire VA2 Data Center, 44610 Guilford Drive, Ashburn, Virginia 20147",58500.0,58500.0,0.0,0,100.0,0.0,0.0,74094_2016-01-13.json
Remington Technology Park Limited Partnership,2022-12-06,74172,"Fauquier County, 12270 Lucky Hill Rd., Remington, VA 22734",119280.0,119280.0,0.0,0,100.0,0.0,0.0,74172_2022-12-06.json
"SI NVA01 ABS, LLC",2025-08-21,74079,"Loudoun County, 22080 Pacific Boulevard, Sterling, Virginia 20166",73500.0,73500.0,0.0,0,100.0,0.0,0.0,74079_2025-08-21.json
"SI NVA02D, LLC",2023-10-16,74224,"9590 Hornbaker Road, Manassas, Virginia 20109, Prince William County",256500.0,256500.0,0.0,0,100.0,0.0,0.0,74224_2023-10-16.json
"SI NVA06A, LLC",2024-06-18,74269,"Loudoun County, 19265 & 19275 Compass Creek Parkway SE, Leesburg, VA 20175",254400.0,254400.0,0.0,0,100.0,0.0,0.0,74269_2024-06-18.json
"SI NVA13, LLC",2022-12-06,74246,"9101 Freedom Center Boulevard, Manassas, VA 20110 (Prince William County)",127876.0,127876.0,0.0,0,100.0,0.0,0.0,74246_2022-12-06.json
Science Applications International Corporation,2009-02-27,71804,"7990 Science Applications Court, Vienna, Virginia 22182",17280.0,14700.0,2580.0,0,85.07,14.93,0.0,7180403_2009-02-27.json
Scout Development LLC,2019-06-27,52629,"White Oak Technology Park, Henrico County, Sandston, Virginia",544000.0,544000.0,0.0,0,100.0,0.0,0.0,52629_2019-06-27.json
Sentara Healthcare,2015-08-07,60353,"800 Independence Boulevard, Virginia Beach, VA 23455",14986.0,11000.0,3986.0,0,73.4,26.6,0.0,60353_2015-08-07.json
"Sentinel Ashburn, LLC",2018-11-08,74156,"22260 Cloud Plaza, Sterling, VA 20166 (Loudoun County)",132000.0,132000.0,0.0,0,100.0,0.0,0.0,74156_2018-10-08.json
Southwest Enterprise Solutions Center,2008-05-16,11541,"Technology Park Drive, at the Regional Business Technology Park in Lebanon, Russell County, Virginia",9000.0,9000.0,0.0,0,100.0,0.0,0.0,11541_2008-05-16.json
TECfusions Clarksville LLC,2025-02-12,30142,"Mecklenburg County, 250 Burlington Drive Clarksville, VA 23927",207100.0,207100.0,0.0,0,100.0,0.0,0.0,3014202_2025-02-12.json
"Terremark Federal Group, Inc. Herndon Technical Center",2010-06-03,73809,"460 Spring Park Place, Herndon, Virginia 20170",2600.0,2600.0,0.0,0,100.0,0.0,0.0,73809_2010-06-03.json
The Aerospace Corporation,2012-04-09,73977,"14725 Lee Road, North Tower, South Tower, Visitor Center, Chantilly, VA 20151",8000.0,8000.0,0.0,0,100.0,0.0,0.0,7397701_2012-04-09.json
The Aerospace Corporation,2013-08-19,73977,"Fairfax County, 14725 Lee Road, Chantilly, VA 20151",0.0,0.0,0.0,0,0.0,0.0,0.0,7397702_2013-08-19.json
The George Washington University VSTC,2011-09-19,73950,"Virginia Science and Technology Campus (VSTC), 44983 Knoll Square Drive, Ashburn, Virginia 20147",2600.0,2600.0,0.0,0,100.0,0.0,0.0,73950_2011-09-19.json
U.S. Customs and Border Protection (CBP) Data Center,2014-07-31,74060,"7681 Boston Blvd., Springfield, VA 22153 (Fairfax County)",15200.0,15200.0,0.0,0,100.0,0.0,0.0,74060_2014-07-31.json
Unisys Corporation,2005-07-14,73326,"11720 Plaza America Drive in Reston, Virginia 20190",2500.0,2500.0,0.0,0,100.0,0.0,0.0,73326_2005-07-14.json
"VADATA, Inc.",2014-05-08,73995,"Prince William County, VA. Facilities located at 7600 Doane Drive (IAD59), 11800 Brewers Spring Road (IAD-52), and 11801 Brewers Spring Road (IAD-14), Manassas, VA 20109.",265000.0,265000.0,0.0,0,100.0,0.0,0.0,73995_2014-05-08.json
"VADATA, Incorporated",2011-04-21,73790,"IAD-1 Data Center, 4101 Westfax Drive, Chantilly, Virginia 20151-1538, Fairfax County",1500.0,1500.0,0.0,0,100.0,0.0,0.0,73790_2011-04-21.json
"VADATA, Incorporated",2014-02-14,74064,"Loudoun County, IAD-57/58 Data Centers, 22745 Relocation Dr., Sterling, Virginia 20166",180000.0,180000.0,0.0,0,100.0,0.0,0.0,74064_2014-02-14.json
"VISA U.S.A., Inc. critical power data center facility",2007-12-19,73643,"45005 Russell Branch Parkway, Ashburn, Virginia 20147",110000.0,110000.0,0.0,0,100.0,0.0,0.0,7364301_2007-12-19.json
"VISA, Inc.",2009-08-28,73643,"45005 Russell Branch Parkway, Ashburn, Virginia 20147",92200.0,92200.0,0.0,0,100.0,0.0,0.0,7364303_2009-08-28.json
"VISA, Inc.",2011-10-13,73643,"45005 Russell Branch Parkway, Ashburn, Virginia",0.0,0.0,0.0,0,0.0,0.0,0.0,7364305_2011-10-13.json
"VISA, Inc. Data Center",2010-04-29,73643,"45005 Russell Branch Parkway, Ashburn, Virginia 20147",10200.0,10200.0,0.0,0,100.0,0.0,0.0,7364304_2010-04-29.json
"Vadata, Inc.",2019-08-09,74174,"Vadata IAD-150, IAD-151, and IAD-152, 25430, 25420 and 25390 Sutton Bay Plaza, Chantilly, Virginia 20152 (Loudoun County)",318000.0,318000.0,0.0,0,100.0,0.0,0.0,74174_2019-08-09.json
"Vantage Data Center, LLC",2022-04-20,74162,"45194 Vantage Data Plaza, Sterling, VA 20166 (Loudoun County)",667500.0,667500.0,0.0,0,100.0,0.0,0.0,74162_2022-04-20.json
"Vantage Data Centers VA16, LLC",2024-10-15,74287,"Loudoun County, 22321 Pacific Blvd, Sterling, VA 20166",121000.0,121000.0,0.0,0,100.0,0.0,0.0,74287_2024-10-15.json
"Vantage Data Centers VA2, LLC",2023-09-15,74242,"Vantage Data Centers VA2, LLC, 22318 Glenn Drive, Sterling, VA 20167 (Loudoun County)",544500.0,280500.0,264000.0,0,51.52,48.48,0.0,74242_2023-09-15.json
"Vantage Data Centers VA3, LLC",2024-03-27,74284,"Loudoun County, 19590 Belmont Ridge Road, Ashburn, VA 20147",102340.0,102340.0,0.0,0,100.0,0.0,0.0,74284_2024-03-27.json
VeriSign Incorporated Data Center,2008-07-25,73341,"22340 Dresden Street, Suite 100, Dulles, Virginia 20166",16000.0,16000.0,0.0,0,100.0,0.0,0.0,73341_2008-07-25.json
Verizon Business Data Center,2006-10-19,73200,"7400 Infantry Ridge Road, Manassas, Virginia 20109",28000.0,28000.0,0.0,0,100.0,0.0,0.0,7320002_2006-10-19.json
"Verizon Business Network Services, Inc.",2020-02-26,72367,"22001 Loudoun County Parkway, Ashburn, VA 20147 (Loudoun County)",28000.0,28000.0,0.0,0,100.0,0.0,0.0,72367_2020-02-26.json
"Verizon Business, Inc.",2007-10-18,73200,"7400 Infantry Ridge Road in Manassas, Virginia",0.0,0.0,0.0,0,0.0,0.0,0.0,7320003_2007-10-18.json
Verizon Telephone Central Office,2010-08-30,73808,"1880 Campus Commons Drive, Reston, Virginia 20191",7000.0,7000.0,0.0,0,100.0,0.0,0.0,73808_2010-08-30.json
"Vint Hill Data Center, LLC",2021-10-06,74127,"Vint Hill Data Center, LLC, 6872 Watson Court, Warrenton, VA 20186 (Fauquier County)",36000.0,36000.0,0.0,0,100.0,0.0,0.0,74127_2021-10-06.json
"Visa, Inc.",2009-01-15,73717,"1764 Old Meadow Lane, McLean, Virginia 22102",8550.0,7950.0,0.0,600,92.98,0.0,7.02,7371701_2009-01-15.json
"Wheeler Survey Company, LLC",2024-01-30,74152,"Loudoun County, 24400 Howling Rooster Ln, Sterling, VA 20166",532294.0,532294.0,0.0,0,100.0,0.0,0.0,74152_2024-01-30.json
Yondr JK 2 LLC,2024-10-22,74265,"24171 Youngwood Lane, Aldie, Virginia 20105 (Loudoun County)",360000.0,360000.0,0.0,0,100.0,0.0,0.0,74265_2024-10-22.json
"Zayo Group, LLC Data Center",2019-05-29,73717,"1764A Old Meadow Lane, McLean, Virginia 22102 (Fairfax County)",13500.0,13500.0,0.0,0,100.0,0.0,0.0,7371703_2019-05-29.json
