year,filename,full_path
2013,7337012_2013-08-27.pdf,raw_pdfs\2013\7337012_2013-08-27.pdf
2017,7367012_2017-10-04.pdf,raw_pdfs\2017\7367012_2017-10-04.pdf
2022,74114_2022-09-06.pdf,raw_pdfs\2022\74114_2022-09-06.pdf
2022,74126_2022-10-12.pdf,raw_pdfs\2022\74126_2022-10-12.pdf
2022,74164_2022-10-03.pdf,raw_pdfs\2022\74164_2022-10-03.pdf
2022,74246_2022-12-06.pdf,raw_pdfs\2022\74246_2022-12-06.pdf
2023,2152715_2023-09-19.pdf,raw_pdfs\2023\2152715_2023-09-19.pdf
2023,74201_2023-02-08.pdf,raw_pdfs\2023\74201_2023-02-08.pdf
2024,2152707_2024-04-24.pdf,raw_pdfs\2024\2152707_2024-04-24.pdf
2024,51232_2024-06-24.pdf,raw_pdfs\2024\51232_2024-06-24.pdf
2024,7394606_2024-10-01.pdf,raw_pdfs\2024\7394606_2024-10-01.pdf
2024,74112_2024-10-16.pdf,raw_pdfs\2024\74112_2024-10-16.pdf
2024,74152_2024-01-30.pdf,raw_pdfs\2024\74152_2024-01-30.pdf
2024,74173_2024-11-19.pdf,raw_pdfs\2024\74173_2024-11-19.pdf
2024,74189_2024-12-18.pdf,raw_pdfs\2024\74189_2024-12-18.pdf
2025,73741_2025-05-21.pdf,raw_pdfs\2025\73741_2025-05-21.pdf
2025,73860_2025-01-30.pdf,raw_pdfs\2025\73860_2025-01-30.pdf
2025,74120_2025-07-11.pdf,raw_pdfs\2025\74120_2025-07-11.pdf
2025,74198_2025-07-16.pdf,raw_pdfs\2025\74198_2025-07-16.pdf